,name,language,normalizedGenre,yearNormalized,size,averageClustering,density,averagePathLength,averageDegree,diameter,maxDegree,numOfSpeakers,numOfSpeakersFemale,numOfSpeakersMale,numOfSpeakersUnknown,numPersonGroups,numConnectedComponents,numEdges,numOfSegments,numOfActs,wordCountText,wordCountSp,wordCountStage,numOfP,numOfL,avg_betweenness,avg_closeness,avg_eigenvector,all_in_index,final_scene_size,drama_change_rate,averageCharinScene,avg_max_degree_ratio,max_degree_num_char_ratio,lowWeightedDegree,mediumWeightedDegree,highWeightedDegree,averageCharSpeech,lowSpeech,mediumSpeech,highSpeech,protagonism,mediateness
0,abeille-argelie,FRE,Tragedy,1674,8,0.8220238095238095,0.6071428571428571,1.3928571428571428,4.25,2,7,8,4,4,0,0.0,1,17,29,5,17307,15962,0,0,1884,0.06547619047619047,0.7416982323232323,0.33814295306639913,0.3793103448275862,0.375,0.6464285714285715,2.0,0.6071428571428571,1.0,0.375,0.25,0.375,8.25,0.375,0.25,0.375,0.0068067743536476145,0.8916309815169778
1,alarcon-verdad-sospechosa,ESP,Comedy,1619,14,0.7699649556792414,0.5054945054945055,1.5934065934065933,6.571428571428571,3,11,14,3,11,0,0.0,1,46,41,3,16919,16461,473,1,3306,0.04945054945054945,0.6608466660481829,0.2431203018946239,0.926829268292683,0.5714285714285714,0.6391666666666669,3.0,0.5974025974025974,0.8461538461538461,0.35714285714285715,0.2857142857142857,0.35714285714285715,4.99,0.35714285714285715,0.2857142857142857,0.35714285714285715,0.01754172324796349,0.5493558858726955
2,amenta-somiglianza,ITA,Comedy,1706,13,0.9032800532800532,0.8846153846153846,1.1153846153846154,10.615384615384617,2,12,13,4,9,0,0.0,1,69,67,5,34634,33671,1282,2373,0,0.01048951048951049,0.9049027895181742,0.27563351492257726,0.19402985074626866,0.7692307692307693,0.629455266955267,3.0,0.8846153846153846,1.0,0.3076923076923077,0.3076923076923077,0.38461538461538464,14.24,0.3076923076923077,0.3076923076923077,0.38461538461538464,0.002502257439542252,0.412395364310773
3,amescua-esclavo-demonio,ESP,0,1605,23,0.9317423994769533,0.8695652173913043,1.1304347826086956,19.130434782608692,2,22,23,4,17,2,0.0,1,220,3,3,18153,17413,742,0,3516,0.006211180124223604,0.899261153736857,0.2058518095569877,1.0,0.782608695652174,0.41785714285714287,16.0,0.8695652173913043,1.0,0.34782608695652173,0.2608695652173913,0.391304347826087,5.0,0.34782608695652173,0.30434782608695654,0.34782608695652173,0.01697303766600059,0.32964696154788176
4,andreini-lo-schiavetto,ITA,Comedy,1612,24,0.8599951862722762,0.6123188405797102,1.391304347826087,14.083333333333334,3,22,24,2,21,1,0.0,1,169,46,5,41485,38458,258,1659,40,0.017786561264822132,0.7399504459354848,0.19152592735089718,0.8695652173913043,0.625,0.6621717480050814,4.0,0.6401515151515151,0.9565217391304348,0.3333333333333333,0.3333333333333333,0.3333333333333333,19.92,0.3333333333333333,0.3333333333333333,0.3333333333333333,0.004264590839686544,0.6689282106477303
5,anonym-lustig-pickelherings-spiel,GER,Comedy,1620,3,1.0,1.0,1.0,2.0,1,2,3,1,2,0,0.0,1,3,2,2,3855,3820,194,63,63,0.0,1.0,0.5773502691896258,0.5,1.0,0.0,3.0,1.0,1.0,0.0,0.0,1.0,29.27,0.3333333333333333,0.3333333333333333,0.3333333333333333,0.0,0.0
6,anonym-macht-kleines-knaben,GER,Comedy,1630,7,0.8571428571428571,0.7619047619047619,1.238095238095238,4.571428571428571,2,6,7,2,4,1,0.0,1,16,21,5,14899,14673,535,0,383,0.047619047619047616,0.8333333333333334,0.37124886788108347,0.9523809523809523,0.5714285714285714,0.8608333333333335,2.0,0.7619047619047619,1.0,0.2857142857142857,0.2857142857142857,0.42857142857142855,52.17,0.2857142857142857,0.2857142857142857,0.42857142857142855,0.0024069935762111518,0.5773502691896257
7,artieda-los-amantes,ESP,Tragedy,1577,19,0.767476383265857,0.4502923976608187,1.6198830409356726,8.105263157894736,3,14,19,4,12,3,0.0,1,77,16,4,10701,9680,225,1,1664,0.03646370829033368,0.6342766714990855,0.2143521268764253,1.0,0.3684210526315789,0.8197619047619047,4.0,0.5789473684210525,0.7777777777777778,0.3157894736842105,0.3157894736842105,0.3684210526315789,6.05,0.3157894736842105,0.3157894736842105,0.3684210526315789,0.013261517383280436,0.5772637843389011
8,bailey-the-spiteful-sister,ENG,0,1667,51,0.8820613872891465,0.6321568627450981,1.367843137254902,31.607843137254903,2,50,51,11,37,3,0.0,1,806,5,5,19376,17985,1064,485,1567,0.007507002801120444,0.749090394812383,0.13459103135110348,1.0,0.5882352941176471,0.5719292803970223,4.0,0.5789473684210525,0.7777777777777778,0.3157894736842105,0.3157894736842105,0.3684210526315789,6.05,0.3157894736842105,0.3157894736842105,0.3684210526315789,0.013261517383280436,0.5772637843389011
9,bances-esclavo-grillos,ESP,0,1692,21,0.9771929824561404,0.9666666666666668,1.0333333333333334,19.33333333333333,2,20,21,5,15,1,0.0,1,203,3,3,18702,18175,529,0,3890,0.0017543859649122803,0.9717813051146384,0.21765909531709074,0.6666666666666666,0.6190476190476191,0.36547619047619045,16.0,0.9666666666666666,1.0,0.3333333333333333,0.09523809523809523,0.5714285714285714,4.78,0.3333333333333333,0.3333333333333333,0.3333333333333333,0.0,0.2773500981126146
10,barbieri-l-inavertito,ITA,Comedy,1629,13,0.8520479520479521,0.6538461538461539,1.3461538461538465,7.846153846153846,2,12,13,3,10,0,0.0,1,51,72,5,36180,34310,332,1487,20,0.03146853146853147,0.7643987591356012,0.26474760548322607,0.9444444444444444,0.6153846153846154,0.6235412474849094,3.0,0.6538461538461539,1.0,0.3076923076923077,0.3076923076923077,0.38461538461538464,24.25,0.3076923076923077,0.3076923076923077,0.38461538461538464,0.004250727186439803,0.8382013254117835
11,baro-clorise,FRE,Tragicomedy,1634,8,0.9404761904761904,0.8214285714285714,1.1785714285714286,5.75,2,7,8,3,5,0,0.0,1,23,27,5,17646,16173,188,0,1939,0.02976190476190476,0.8697916666666666,0.34385181724412706,0.37037037037037035,0.875,0.6213369963369964,2.0,0.8214285714285714,1.0,0.375,0.25,0.375,8.01,0.375,0.25,0.375,0.00347676544138517,0.7071067811865475
12,baron-mirza,ENG,0,1655,27,0.9323277205885904,0.8831908831908832,1.1168091168091168,22.96296296296296,2,26,27,9,21,0,0.0,1,310,5,10,86971,33442,899,534,3708,0.004672364672364672,0.906571866897251,0.19038221427689983,1.0,0.8148148148148148,0.5977025691699605,2.0,0.8214285714285714,1.0,0.375,0.25,0.375,8.01,0.375,0.25,0.375,0.00347676544138517,0.7071067811865475
13,barry-ram-alley,ENG,Comedy,1608,22,0.9287018794758732,0.8787878787878788,1.121212121212121,18.454545454545453,2,21,22,5,16,1,0.0,1,203,5,5,22856,22148,407,406,2470,0.0060606060606060615,0.9050686483604372,0.211261776668849,0.8,0.45454545454545453,0.38369514472455646,13.0,0.8787878787878787,1.0,0.18181818181818182,0.4090909090909091,0.4090909090909091,7.05,0.3181818181818182,0.3181818181818182,0.36363636363636365,0.005067285610134492,0.3039201260149649
14,bartolommei-amore-opera-a-caso,ITA,Comedy,1668,8,0.9404761904761904,0.9285714285714286,1.0714285714285714,6.5,2,7,8,3,5,0,0.0,1,26,58,3,22880,22376,395,1159,0,0.011904761904761906,0.9409722222222222,0.3522552353359203,0.25862068965517243,0.75,0.614327485380117,2.0,0.9285714285714286,1.0,0.375,0.25,0.375,18.75,0.375,0.25,0.375,0.003268949251789205,0.4472135954999579
15,belyard-guisien,FRE,Tragedy,1592,12,0.7827260702260702,0.5303030303030303,1.4696969696969695,5.833333333333333,2,11,12,5,6,1,0.0,1,35,5,5,15478,15420,18,0,2017,0.046969696969696974,0.6995289371934109,0.2701870403103138,1.0,0.5833333333333334,0.774404761904762,4.0,0.5303030303030303,1.0,0.3333333333333333,0.3333333333333333,0.3333333333333333,7.35,0.3333333333333333,0.3333333333333333,0.3333333333333333,0.008355005249506714,0.9353622136590843
16,bienvenu-monde-malait,FRE,Comedy,1568,9,1.0,1.0,1.0,8.0,1,8,9,0,6,3,0.0,1,36,4,1,6294,5907,469,0,911,0.0,1.0,0.33333333333333337,0.75,1.0,0.4953703703703704,6.0,1.0,1.0,0.2222222222222222,0.2222222222222222,0.5555555555555556,6.33,0.3333333333333333,0.3333333333333333,0.3333333333333333,0.0,0.0
17,bonicelli-pantalone-bullo,ITA,Comedy,1688,20,0.7415441176470589,0.2473684210526315,1.7842105263157897,4.7,3,17,20,4,16,0,0.0,1,47,52,3,14749,13238,1609,445,63,0.043567251461988296,0.5755513073527779,0.19426020158329285,0.6538461538461539,0.3,0.6480392156862745,2.0,0.27647058823529413,0.8947368421052632,0.35,0.1,0.55,26.11,0.35,0.3,0.35,0.059839257157234815,0.7750651132830529
18,braunschweig-fleischhawer,GER,Comedy,1593,22,0.6762452194270375,0.2987012987012987,1.87012987012987,6.2727272727272725,3,13,22,3,19,0,0.0,1,69,27,5,16437,16146,670,215,330,0.04350649350649351,0.5485399719101823,0.19045895347762468,0.9629629629629629,0.09090909090909091,0.7592032967032968,3.0,0.4825174825174825,0.6190476190476191,0.2727272727272727,0.36363636363636365,0.36363636363636365,34.01,0.3181818181818182,0.3181818181818182,0.36363636363636365,0.012621778267449755,0.6302667496097336
19,braunschweig-ungeratenen-sohn,GER,Tragedy,1594,16,0.8109126984126984,0.4916666666666666,1.5083333333333333,7.375,2,15,16,4,12,0,0.0,1,59,49,7,18933,18249,2651,282,123,0.03630952380952382,0.6833307676518884,0.2179521420521209,0.8979591836734694,0.5625,0.7120535714285715,3.0,0.49166666666666664,1.0,0.25,0.375,0.375,40.02,0.3125,0.3125,0.375,0.015223153665446165,0.999666043271478
20,bregolini-pausania,ITA,Tragedy,1679,21,0.4402494331065759,0.3047619047619048,2.0157894736842104,6.095238095238095,5,11,21,6,15,0,0.0,2,64,32,5,16414,16104,68,0,2926,0.04837092731829574,0.4755154585852705,0.17614652774578346,0.6875,0.09523809523809523,0.867383512544803,3.0,0.5541125541125541,0.55,0.3333333333333333,0.3333333333333333,0.3333333333333333,5.38,0.3333333333333333,0.3333333333333333,0.3333333333333333,0.012360380680672715,0.7020801025685122
21,campistron-juba,FRE,Tragedy,1685,7,0.7333333333333333,0.5238095238095238,1.5238095238095235,3.142857142857143,3,5,7,2,5,0,0.0,1,11,26,5,10285,10101,0,0,1157,0.10476190476190475,0.6769325912183055,0.3637246674489971,0.8461538461538461,0.2857142857142857,0.552,2.0,0.6285714285714286,0.8333333333333334,0.2857142857142857,0.2857142857142857,0.42857142857142855,8.05,0.2857142857142857,0.2857142857142857,0.42857142857142855,0.005392295106395337,0.6960954142290796
22,castro-mocedades-cid,ESP,0,1605,35,0.8973444855797797,0.6470588235294118,1.3529411764705883,22.0,2,34,35,4,31,0,0.0,1,385,3,3,16672,15858,899,0,3273,0.010695187165775395,0.7612917795844625,0.1629942226683582,1.0,0.6,0.6435714285714286,18.0,0.6470588235294118,1.0,0.2,0.2,0.6,4.29,0.34285714285714286,0.3142857142857143,0.34285714285714286,0.013426893602524331,0.34893157889942655
23,cecchini-l-amico-tradito,ITA,Comedy,1633,12,0.7886904761904763,0.5909090909090909,1.290909090909091,6.5,2,9,12,3,9,0,0.0,2,39,66,3,13508,12645,666,635,0,0.024242424242424242,0.6615339503040037,0.26653814749260707,1.0,0.08333333333333333,0.677032967032967,2.0,0.7222222222222222,0.8181818181818182,0.3333333333333333,0.3333333333333333,0.3333333333333333,20.23,0.3333333333333333,0.3333333333333333,0.3333333333333333,0.00625126009793525,0.6595267910439645
24,centlivre-the-man-s-bewitch-d,ENG,0,1709,19,0.9235638114895082,0.7953216374269005,1.2046783625730997,14.31578947368421,2,18,19,5,14,0,0.0,1,136,12,5,26981,24092,716,1073,52,0.012039903680770552,0.8509920310557388,0.22282031477808606,0.9166666666666666,0.5789473684210527,0.6043886668886669,2.0,0.7222222222222222,0.8181818181818182,0.3333333333333333,0.3333333333333333,0.3333333333333333,20.23,0.3333333333333333,0.3333333333333333,0.3333333333333333,0.00625126009793525,0.6595267910439645
25,cervantes-cerco-numancia,ESP,Tragedy,1585,46,0.9148500049407188,0.3951690821256038,1.6685990338164252,17.782608695652176,3,39,46,8,32,6,0.0,1,409,4,4,16132,15175,1097,0,2458,0.01519543258673694,0.6119047961855905,0.13281505274705893,1.0,0.43478260869565216,0.8891954022988505,15.0,0.45596432552954297,0.8666666666666667,0.2826086956521739,0.2391304347826087,0.4782608695652174,6.0,0.32608695652173914,0.32608695652173914,0.34782608695652173,0.024566541830022416,0.5740951417911723
26,cicognini-mustafa,ITA,0,1663,20,0.780924075924076,0.4473684210526316,1.5163398692810457,8.5,3,14,20,3,16,1,0.0,3,85,56,3,20934,20505,296,824,60,0.023099415204678363,0.552613179346732,0.19295126522111744,0.9464285714285714,0.4,0.724594647776466,3.0,0.6071428571428571,0.7368421052631579,0.35,0.25,0.4,16.98,0.35,0.3,0.35,0.031147515450513513,0.904689683031298
27,corneillep-rodogune,FRE,Tragedy,1644,7,0.8476190476190476,0.7619047619047619,1.238095238095238,4.571428571428571,2,6,7,3,4,0,0.0,1,16,26,5,19574,17071,115,0,1889,0.04761904761904761,0.8282312925170068,0.37144384885643617,0.4230769230769231,0.7142857142857143,0.5766666666666667,2.0,0.7619047619047619,1.0,0.2857142857142857,0.2857142857142857,0.42857142857142855,8.95,0.2857142857142857,0.2857142857142857,0.42857142857142855,0.007192090792413568,0.6645343026631947
28,corneillet-mort-d-achille,FRE,Tragedy,1673,8,0.6125,0.4642857142857143,1.6428571428571428,3.25,3,6,8,4,4,0,0.0,1,13,25,5,16306,16103,9,0,1781,0.10714285714285714,0.6340945512820513,0.32952927871388565,0.76,0.375,0.6145833333333334,2.0,0.5416666666666666,0.8571428571428571,0.375,0.25,0.375,9.01,0.375,0.25,0.375,0.008758420620084225,0.7996127381260576
29,cruz-empenos-casa,ESP,Comedy,1683,18,0.9477124183006538,0.8954248366013072,1.1045751633986929,15.22222222222222,2,17,18,2,8,8,0.0,1,137,3,3,18334,17951,443,0,3498,0.006535947712418301,0.9176608187134503,0.23320945202328397,0.6666666666666666,0.5,0.542483660130719,12.0,0.8954248366013071,1.0,0.05555555555555555,0.5,0.4444444444444444,5.0,0.3333333333333333,0.3333333333333333,0.3333333333333333,0.0,0.35355339059327373
30,dalibray-soliman,FRE,Tragicomedy,1637,16,0.8188148656898656,0.55,1.45,8.25,2,13,16,3,13,0,0.0,1,66,31,5,24694,15313,0,0,1749,0.03214285714285714,0.7084494815712846,0.2347658263697069,1.0,0.5,0.6842592592592595,3.0,0.6346153846153846,0.8666666666666667,0.3125,0.3125,0.375,8.0,0.3125,0.3125,0.375,0.008198426103650933,0.6292977531955606
31,dancourt-chevalier-a-la-mode,FRE,Comedy,1687,11,0.8501443001443001,0.6363636363636364,1.3636363636363635,6.363636363636363,2,10,11,4,7,0,0.0,1,35,47,5,24226,23795,59,1041,8,0.04040404040404041,0.7574903557523879,0.2874403134264732,0.8936170212765957,0.5454545454545454,0.5123188405797103,3.0,0.6363636363636364,1.0,0.36363636363636365,0.2727272727272727,0.36363636363636365,20.66,0.36363636363636365,0.2727272727272727,0.36363636363636365,0.003810255049880135,0.7905554101454154
32,dancourt-parisienne,FRE,Comedy,1691,9,0.8888888888888888,0.8055555555555556,1.1944444444444444,6.444444444444445,2,8,9,3,6,0,0.0,1,29,25,1,7980,7760,9,449,0,0.027777777777777776,0.8592592592592593,0.3279440495557102,0.56,0.6666666666666666,0.5346230158730158,3.0,0.8055555555555556,1.0,0.3333333333333333,0.2222222222222222,0.4444444444444444,14.61,0.3333333333333333,0.3333333333333333,0.3333333333333333,0.008539983126962579,0.5
33,daniel-cleopatra,ENG,Tragedy,1594,13,0.3692307692307692,0.2051282051282051,1.763157894736842,2.4615384615384617,4,5,13,1,9,1,0.0,3,16,12,5,14838,12458,3,0,1589,0.0337995337995338,0.2920894669882524,0.2102968556684076,0.9166666666666666,0.07692307692307693,0.8181818181818182,2.0,0.49230769230769234,0.4166666666666667,0.0,0.6153846153846154,0.38461538461538464,7.8,0.3076923076923077,0.3076923076923077,0.38461538461538464,0.010476596675563637,0.6145098677990269
34,daniel-philotas,ENG,Tragedy,1605,25,0.7661645021645022,0.3133333333333333,2.036666666666666,7.52,4,15,25,2,21,1,0.0,1,94,12,5,18836,17373,66,0,2134,0.04507246376811594,0.5079718034848192,0.15476050632943272,1.0,0.24,0.977922077922078,4.0,0.5013333333333333,0.625,0.32,0.2,0.48,8.0,0.32,0.32,0.36,0.055569830378972465,0.6379569630172666
35,de-dottori-aristodemo,ITA,Tragedy,1657,12,0.6765873015873017,0.4545454545454545,1.6515151515151516,5.0,3,8,12,4,7,1,0.0,1,30,34,5,18682,18472,98,0,3113,0.06515151515151515,0.6288723393629,0.2633631304263323,0.9117647058823529,0.25,0.7171717171717173,2.0,0.625,0.7272727272727273,0.3333333333333333,0.25,0.4166666666666667,5.99,0.3333333333333333,0.3333333333333333,0.3333333333333333,0.009848777825387692,0.7438246267462074
36,decio-acripanda,ITA,Tragedy,1592,12,0.744973544973545,0.3636363636363636,1.5636363636363635,4.0,2,10,12,5,6,1,0.0,2,24,26,5,29653,29482,76,0,4462,0.04696969696969696,0.5482854563736916,0.25858299759650366,1.0,0.3333333333333333,0.7153333333333332,2.0,0.4,0.9090909090909091,0.25,0.4166666666666667,0.3333333333333333,7.03,0.3333333333333333,0.3333333333333333,0.3333333333333333,0.008172979710119046,0.9591027449298781
37,dekker-if-it-be-not-good-the-devil-is-in-it,ENG,Comedy,1611,54,0.8582774842418814,0.4528301886792453,1.5471698113207548,24.0,2,53,54,2,44,7,0.0,1,648,10,0,24829,22983,778,129,2499,0.010522496371552975,0.6605468548782788,0.12518554620267716,1.0,0.3148148148148148,0.7954068159477515,14.0,0.4528301886792453,1.0,0.2962962962962963,0.3333333333333333,0.37037037037037035,7.48,0.3333333333333333,0.3148148148148148,0.35185185185185186,0.007714070878297412,0.6785864585453446
38,dekker-the-noble-spanish-soldier,ENG,Tragedy,1622,20,0.940578775369797,0.8947368421052632,1.105263157894737,17.0,2,19,20,2,18,0,0.0,1,170,14,5,15647,14954,435,139,1579,0.005847953216374269,0.9164297739297739,0.22122297621574163,0.8571428571428571,0.85,0.8709427450377678,14.0,0.4528301886792453,1.0,0.2962962962962963,0.3333333333333333,0.37037037037037035,7.48,0.3333333333333333,0.3148148148148148,0.35185185185185186,0.007714070878297412,0.6785864585453446
39,della-porta-carbonaria,ITA,Comedy,1601,12,0.8237433862433864,0.6363636363636364,1.393939393939394,7.0,3,10,12,1,11,0,0.0,1,42,38,5,28536,28279,127,1212,0,0.03939393939393939,0.7400712652357389,0.27594988945289733,0.868421052631579,0.4166666666666667,0.6569498069498071,3.0,0.7,0.9090909090909091,0.3333333333333333,0.25,0.4166666666666667,23.49,0.3333333333333333,0.3333333333333333,0.3333333333333333,0.00992733011855255,0.5938159750934454
40,denham-the-sophy,ENG,Tragedy,1642,22,0.8704047430194349,0.7056277056277056,1.2943722943722944,14.818181818181818,2,21,22,2,19,0,0.0,1,163,6,5,19621,19105,381,0,2414,0.014718614718614718,0.7951977464921728,0.20716926131996238,1.0,0.6363636363636364,0.5990384615384615,10.0,0.7056277056277056,1.0,0.2727272727272727,0.36363636363636365,0.36363636363636365,7.12,0.3181818181818182,0.3181818181818182,0.36363636363636365,0.030393382860068176,0.4142435537489291
41,diamante-hercules-ocana,ESP,0,1670,39,0.8737149326515843,0.2645074224021592,1.736842105263158,10.051282051282053,3,37,39,6,23,10,0.0,1,196,17,3,16625,16143,717,0,3365,0.019914651493598865,0.5865788891662511,0.14267513854024227,0.9411764705882353,0.20512820512820512,0.7660790598290598,6.0,0.27165627165627165,0.9736842105263158,0.2564102564102564,0.28205128205128205,0.46153846153846156,4.03,0.3333333333333333,0.3333333333333333,0.3333333333333333,0.01232644542868,0.7184313833069957
42,dolce-marianna,ITA,Tragedy,1565,15,0.7168294668294668,0.3333333333333333,1.6857142857142855,4.666666666666667,3,13,17,5,11,1,0.0,1,35,23,5,23356,21966,66,0,3092,0.052747252747252754,0.6094260400164291,0.2302483249672294,0.9130434782608695,0.06666666666666667,0.6840367965367965,2.0,0.358974358974359,0.9285714285714286,0.2,0.4666666666666667,0.3333333333333333,7.0,0.3333333333333333,0.3333333333333333,0.3333333333333333,0.021502014776046473,0.9465041752125097
43,du-ryer-clitophon,FRE,Tragicomedy,1629,25,0.6735917415917414,0.22,2.1566666666666667,5.28,5,16,25,4,21,0,0.0,1,66,58,0,17667,17064,0,0,1968,0.050289855072463766,0.48101637793148627,0.16802089417294386,0.9310344827586207,0.24,0.682873851294904,2.0,0.33,0.6666666666666666,0.32,0.32,0.36,8.01,0.32,0.32,0.36,0.029723514824123453,0.703395273441564
44,duffett-the-mock-tempest,ENG,0,1675,31,0.9403146353090736,0.535483870967742,1.464516129032258,16.06451612903226,2,30,33,12,13,8,0.0,1,249,11,5,18179,16353,1020,636,457,0.016017797552836482,0.6962028483850116,0.1601910243106366,1.0,0.6129032258064516,0.8994736842105263,6.0,0.535483870967742,1.0,0.06451612903225806,0.5806451612903226,0.3548387096774194,15.7,0.3225806451612903,0.3225806451612903,0.3548387096774194,0.016353443627271157,0.7045382773075165
45,fane-the-sacrifice,ENG,0,1687,20,0.9194399554693676,0.8,1.2,15.2,2,19,20,3,16,1,0.0,1,152,5,0,21632,19171,585,12,2266,0.01111111111111111,0.8519627564464521,0.21754774444063318,1.0,0.35,0.4709224598930481,10.0,0.7999999999999999,1.0,0.15,0.5,0.35,8.05,0.35,0.3,0.35,0.007200494719717619,0.4765100454166442
46,feinde-verwirrte-haus-jacob,GER,0,1703,19,0.7284221626326889,0.3567251461988304,1.8538011695906436,6.421052631578948,4,14,19,2,17,0,0.0,1,61,32,3,13948,13121,877,636,0,0.05022359821121431,0.5644514811846416,0.19603185374316578,0.9375,0.3157894736842105,0.7703649397197784,3.0,0.4586466165413534,0.7777777777777778,0.3157894736842105,0.3157894736842105,0.3684210526315789,19.98,0.3157894736842105,0.3157894736842105,0.3684210526315789,0.03263315982974198,0.7558569632350522
47,fiorillo-la-lucilla-costante,ITA,Comedy,1609,12,1.0,1.0,1.0,11.0,1,11,12,3,9,0,0.0,1,66,79,5,37664,36152,443,1477,70,0.0,1.0,0.2886751345948129,0.9746835443037974,0.25,0.5947547822547822,3.0,1.0,1.0,0.3333333333333333,0.3333333333333333,0.3333333333333333,25.71,0.3333333333333333,0.3333333333333333,0.3333333333333333,0.0,0.0
48,fletcher-a-wife-for-a-month,ENG,Tragicomedy,1624,32,0.8835482523142248,0.6532258064516129,1.346774193548387,20.25,2,31,32,7,24,0,0.0,1,324,5,4,23113,22618,376,27,2653,0.011559139784946238,0.7626770627647849,0.17126158555239573,1.0,0.59375,0.6087885154061625,14.0,0.6532258064516129,1.0,0.34375,0.3125,0.34375,7.99,0.34375,0.3125,0.34375,0.009124309568727259,0.388375990869655
49,frischlin-fraw-wendelgard,GER,Comedy,1579,8,0.8559523809523809,0.6428571428571429,1.3571428571428572,4.5,2,7,8,2,6,0,0.0,1,18,15,5,10884,9306,43,0,1474,0.059523809523809514,0.7608585858585859,0.3430070105623053,0.6666666666666666,0.5,0.7892857142857144,2.0,0.6428571428571429,1.0,0.375,0.125,0.5,6.0,0.375,0.25,0.375,0.011153764957121875,0.7035264706814485
50,fulwel-like-will-to-like,ENG,0,1568,15,0.9022177822177824,0.780952380952381,1.2190476190476192,10.933333333333334,2,14,15,0,10,5,0.0,1,82,3,0,13007,11877,580,124,1081,0.01684981684981685,0.8382093796582961,0.2515504291030355,1.0,0.7333333333333333,0.8365384615384616,8.0,0.780952380952381,1.0,0.26666666666666666,0.26666666666666666,0.4666666666666667,9.18,0.3333333333333333,0.3333333333333333,0.3333333333333333,0.016433771979180365,0.7943705751199798
51,garnier-bradamante,FRE,Tragicomedy,1582,16,0.676722582972583,0.3416666666666667,1.723809523809524,5.125,3,11,16,3,13,0,0.0,2,41,24,0,19284,17760,0,0,2015,0.04523809523809524,0.5312200416409207,0.20935589606061036,0.9583333333333334,0.375,0.8887163561076604,2.0,0.4659090909090909,0.7333333333333333,0.1875,0.375,0.4375,8.03,0.3125,0.3125,0.375,0.029070560480072328,0.7908365845570863
52,garnier-hippolyte,FRE,Tragedy,1573,8,0.7166666666666667,0.5357142857142857,1.2857142857142858,3.75,2,6,8,3,5,0,0.0,2,15,9,5,19323,19291,17,0,2508,0.03571428571428571,0.6007653061224489,0.32419827076388136,0.8888888888888888,0.375,0.48124999999999996,3.0,0.625,0.8571428571428571,0.375,0.25,0.375,7.51,0.375,0.25,0.375,0.017764488841450973,0.6735753140545634
53,gascoigne-the-glass-of-government,ENG,Tragedy,1575,18,0.701948976948977,0.477124183006536,1.5073529411764706,8.11111111111111,3,13,18,3,15,0,0.0,2,73,37,5,29677,26245,326,427,287,0.028186274509803922,0.6059963882810973,0.2129067312260794,0.8648648648648649,0.2222222222222222,0.8544973544973545,3.0,0.6239316239316239,0.7647058823529411,0.2777777777777778,0.3888888888888889,0.3333333333333333,48.9,0.3333333333333333,0.3333333333333333,0.3333333333333333,0.005836696181453398,0.7169910305921914
54,gigli-i-litiganti,ITA,Comedy,1695,13,0.8035409035409037,0.6923076923076923,1.3333333333333333,8.307692307692308,3,10,13,3,10,0,0.0,1,54,47,3,23326,22918,640,1195,52,0.030303030303030304,0.7679720400746111,0.26841703355617164,0.6595744680851063,0.6153846153846154,0.5919513457556935,3.0,0.8307692307692308,0.8333333333333334,0.3076923076923077,0.3076923076923077,0.38461538461538464,16.06,0.3076923076923077,0.3076923076923077,0.38461538461538464,0.01743984151298735,0.6108044084313122
55,gigli-pazzo-guarisce,ITA,Comedy,1687,10,1.0,1.0,1.0,9.0,1,9,10,2,8,0,0.0,1,45,52,3,21953,21183,985,1306,8,0.0,1.0,0.31622776601683794,0.3076923076923077,1.0,0.707516339869281,3.0,1.0,1.0,0.3,0.2,0.5,14.68,0.3,0.3,0.4,0.0,0.0
56,gilbert-telephonte,FRE,Tragicomedy,1645,12,0.6027777777777777,0.303030303030303,2.1515151515151514,3.333333333333333,4,6,12,4,8,0,0.0,1,20,22,5,14738,14374,0,0,1642,0.11515151515151514,0.48256340579710144,0.24712390454812652,0.8181818181818182,0.16666666666666666,0.7444444444444445,2.0,0.5555555555555556,0.5454545454545454,0.3333333333333333,0.3333333333333333,0.3333333333333333,8.2,0.3333333333333333,0.3333333333333333,0.3333333333333333,0.020568657145235272,0.6998616435278829
57,giusti-irene,ITA,Tragedy,1579,12,0.7759559884559885,0.5909090909090909,1.4090909090909092,6.5,2,11,12,4,8,0,0.0,1,39,5,5,14572,14465,61,0,2122,0.0409090909090909,0.7301222198281022,0.27426817249100904,1.0,0.4166666666666667,0.7226190476190476,5.0,0.5909090909090909,1.0,0.25,0.4166666666666667,0.3333333333333333,6.96,0.3333333333333333,0.3333333333333333,0.3333333333333333,0.0069898576461937855,0.919588109198052
58,graziani-cromuele,ITA,Tragedy,1671,14,0.7286281179138322,0.4395604395604395,1.6703296703296704,5.714285714285714,3,10,14,5,9,0,0.0,1,40,50,5,32370,31961,175,0,5074,0.055860805860805864,0.6219704414946756,0.24082275328726876,0.96,0.21428571428571427,0.680612244897959,2.0,0.5714285714285714,0.7692307692307693,0.35714285714285715,0.2857142857142857,0.35714285714285715,6.01,0.35714285714285715,0.2857142857142857,0.35714285714285715,0.01871082772138208,0.816426182746866
59,gryphius-absurda-comica-oder-herr-peter-squentz,GER,Comedy,1658,14,0.935897435897436,0.8461538461538461,1.1538461538461535,11.0,2,13,14,3,11,0,0.0,1,77,3,3,9535,9162,562,266,476,0.012820512820512822,0.8833333333333333,0.2624887372456093,1.0,0.8571428571428571,0.7462121212121212,8.0,0.8461538461538461,1.0,0.35714285714285715,0.2857142857142857,0.35714285714285715,14.29,0.35714285714285715,0.2857142857142857,0.35714285714285715,0.003786024042142377,0.44721359549995787
60,gryphius-cardenio-und-celinde,GER,Tragedy,1657,17,0.8663042839513428,0.5735294117647058,1.4411764705882353,9.176470588235292,3,15,17,3,11,3,0.0,1,78,5,5,19774,17542,214,0,2069,0.029411764705882353,0.7155203370654399,0.22442923823887875,0.8,0.35294117647058826,0.8516483516483517,6.0,0.6117647058823529,0.9375,0.35294117647058826,0.29411764705882354,0.35294117647058826,8.52,0.35294117647058826,0.29411764705882354,0.35294117647058826,0.01834685666182936,0.7166049459281606
61,guarini-la-idropica,ITA,Comedy,1584,18,0.6792667209333876,0.3594771241830065,1.712418300653595,6.111111111111111,3,13,18,5,13,0,0.0,1,55,50,5,37324,35743,149,1460,17,0.04452614379084967,0.6025493441838764,0.21146780200726512,0.74,0.2777777777777778,0.7231292517006805,3.0,0.4700854700854701,0.7647058823529411,0.3333333333333333,0.3333333333333333,0.3333333333333333,21.39,0.3333333333333333,0.3333333333333333,0.3333333333333333,0.008349421906973378,0.7872923960806538
62,guidi-endimione,ITA,0,1691,5,0.9,0.9,1.1,3.6,2,4,5,2,2,1,0.0,1,9,5,5,8005,6981,0,0,1215,0.03333333333333333,0.92,0.4452760486658011,0.6,0.8,0.2625,4.0,0.9,1.0,0.4,0.2,0.4,5.93,0.4,0.2,0.4,0.0,0.5773502691896257
63,hallmann-liberata,GER,Tragedy,1699,24,0.4739087301587301,0.1775362318840579,2.104761904761905,4.083333333333333,4,14,24,6,12,6,0.0,4,49,59,5,21393,18108,651,88,2108,0.03820816864295125,0.37656371665988775,0.1519216430930713,1.0,0.08333333333333333,0.758456486042693,2.0,0.29166666666666663,0.6086956521739131,0.2916666666666667,0.375,0.3333333333333333,8.0,0.3333333333333333,0.3333333333333333,0.3333333333333333,0.02976313263332425,0.7652731310788057
64,hallmann-sophia,GER,Tragedy,1671,72,0.9200186117993022,0.1564945226917058,1.948015122873346,11.11111111111111,4,26,72,13,32,26,0.0,5,400,26,5,21906,19170,781,0,2247,0.005605857366420748,0.22815220670408415,0.07832072056505185,1.0,0.19444444444444445,0.7811605431605431,7.0,0.42735042735042733,0.36619718309859156,0.2916666666666667,0.2916666666666667,0.4166666666666667,8.0,0.3333333333333333,0.3194444444444444,0.3472222222222222,0.036060542260642994,0.7001679217755375
65,hardy-meleagre,FRE,Tragedy,1604,19,0.8199376646745067,0.3567251461988304,1.8011695906432748,6.421052631578948,4,14,19,4,12,3,0.0,1,61,12,0,10989,10563,44,0,1257,0.04712762297901617,0.5722840911478391,0.19944693525611334,0.8333333333333334,0.15789473684210525,0.8316017316017316,4.0,0.4586466165413534,0.7777777777777778,0.15789473684210525,0.47368421052631576,0.3684210526315789,7.88,0.3157894736842105,0.3157894736842105,0.3684210526315789,0.015267368280816646,0.8455709531551487
66,hayneccius-hans-pfriem,GER,0,1582,14,0.7518552875695733,0.3186813186813186,1.78021978021978,4.142857142857143,3,11,14,3,11,0,0.0,1,29,26,5,19883,16120,82,272,2234,0.06501831501831501,0.5807601073390547,0.2382041146442255,0.9230769230769231,0.21428571428571427,0.6126666666666665,2.0,0.37662337662337664,0.8461538461538461,0.2857142857142857,0.2857142857142857,0.42857142857142855,6.0,0.35714285714285715,0.2857142857142857,0.35714285714285715,0.010046975116448233,0.8843990096314478
67,hollonius-somnium-vitae-humanae,GER,Comedy,1605,48,0.730718231322914,0.1746453900709219,2.417553191489361,8.208333333333334,5,19,48,3,45,0,0.0,1,197,24,5,12655,8966,356,0,1414,0.0308163737280296,0.4244409841091173,0.11137959905671663,0.9166666666666666,0.0625,0.9214270029487421,4.0,0.43201754385964913,0.40425531914893614,0.3125,0.3333333333333333,0.3541666666666667,5.94,0.3333333333333333,0.3333333333333333,0.3333333333333333,0.02773176393205187,0.6410269288624215
68,jonson-every-man-out-of-his-humour,ENG,Comedy,1599,36,1.0,1.0,1.0,35.0,1,35,36,3,32,1,0.0,1,630,18,5,41815,38883,767,1465,730,0.0,1.0,0.1666666666666667,0.05555555555555556,0.08333333333333333,0.6749671896730721,4.0,0.43201754385964913,0.40425531914893614,0.3125,0.3333333333333333,0.3541666666666667,5.94,0.3333333333333333,0.3333333333333333,0.3333333333333333,0.02773176393205187,0.6410269288624215
69,krueger-anfang-ende-welt,GER,0,1580,50,0.7993152940596744,0.1746938775510204,2.2816326530612243,8.56,4,23,50,5,37,8,0.0,1,214,25,6,20192,18339,807,0,2922,0.02670068027210884,0.4467951780740496,0.11460592298292102,0.96,0.04,0.8849076849076849,5.0,0.3721739130434783,0.46938775510204084,0.26,0.4,0.34,6.0,0.34,0.32,0.34,0.021762389944540148,0.6141744959368032
70,la-segunda-esposa,ESP,0,1648,13,1.0,1.0,1.0,12.0,1,12,13,5,8,0,0.0,1,78,1,1,8366,7813,779,0,1566,0.0,1.0,0.2773500981126145,0.96,0.04,0.8849076849076849,13.0,1.0,1.0,0.0,0.0,1.0,4.85,0.3076923076923077,0.3076923076923077,0.38461538461538464,0.0,0.0
71,la-vida-es-sueno,ESP,0,1636,13,1.0,1.0,1.0,12.0,1,12,13,2,12,0,0.0,1,78,3,3,17433,17043,442,0,3455,0.0,1.0,0.2773500981126145,1.0,1.0,0.3038461538461539,10.0,1.0,1.0,0.3076923076923077,0.15384615384615385,0.5384615384615384,5.0,0.3076923076923077,0.3076923076923077,0.38461538461538464,0.0,0.0
72,lafont-naufrage,FRE,Comedy,1710,10,0.7883333333333333,0.6444444444444445,1.4,5.8,3,8,10,3,6,1,0.0,1,29,15,1,5763,5112,431,1,564,0.049999999999999996,0.7357892107892108,0.3039607035235715,0.9333333333333333,0.6,0.5446428571428571,3.0,0.725,0.8888888888888888,0.3,0.3,0.4,7.14,0.2,0.4,0.4,0.0075778374779499405,0.6623228239848791
73,lagrange-chancel-amasis,FRE,Tragedy,1701,10,0.6128571428571428,0.4666666666666667,1.6222222222222222,4.2,3,7,10,4,6,0,0.0,1,21,39,5,14306,13694,23,0,1553,0.07777777777777778,0.6457712682054787,0.2865463421670025,0.8461538461538461,0.3,0.6285087719298246,2.0,0.6,0.7777777777777778,0.3,0.3,0.4,8.84,0.3,0.3,0.4,0.012949381183202232,0.668243340868282
74,lohenstein-epicharis,GER,Tragedy,1665,59,0.8138015195820018,0.2472238457042665,1.6551383399209487,14.33898305084746,3,36,59,5,41,13,0.0,5,423,28,5,34810,33009,425,0,3878,0.0067981174444000135,0.3716673471302587,0.09689799674535685,1.0,0.1864406779661017,0.8768646320578688,6.0,0.39830508474576276,0.6206896551724138,0.3220338983050847,0.3389830508474576,0.3389830508474576,8.0,0.3389830508474576,0.3220338983050847,0.3389830508474576,0.015416101917702239,0.6701205581033275
75,lohenstein-ibrahim,GER,Tragedy,1665,22,0.7888888888888889,0.1991341991341991,1.511904761904762,4.181818181818182,3,10,22,2,9,11,0.0,4,46,24,5,20693,16867,237,157,1914,0.009307359307359308,0.2570927491145315,0.1455207878608846,0.9166666666666666,0.09090909090909091,0.7800207039337476,3.0,0.41818181818181815,0.47619047619047616,0.3181818181818182,0.09090909090909091,0.5909090909090909,7.98,0.3181818181818182,0.3181818181818182,0.36363636363636365,0.021257916409212943,0.9009046625808017
76,lope-galan-gastrucho,ESP,0,1598,17,0.9180025856496444,0.8676470588235294,1.1323529411764706,13.882352941176473,2,16,17,3,14,0,0.0,1,118,3,3,17106,16505,528,0,3215,0.008823529411764706,0.8953915143315981,0.24055643436461838,1.0,0.6470588235294118,0.36160714285714285,12.0,0.8676470588235294,1.0,0.29411764705882354,0.29411764705882354,0.4117647058823529,5.09,0.35294117647058826,0.29411764705882354,0.35294117647058826,0.011859531919612443,0.35578800895576973
77,lope-perseguido,ESP,0,1590,19,0.8813171692428658,0.672514619883041,1.327485380116959,12.105263157894736,2,18,19,3,16,0,0.0,1,115,3,3,20573,20228,334,0,3861,0.01926384588923289,0.7752102969494273,0.22351780353688755,1.0,0.5263157894736842,0.6294642857142857,10.0,0.672514619883041,1.0,0.0,0.631578947368421,0.3684210526315789,5.0,0.3157894736842105,0.3157894736842105,0.3684210526315789,0.011500523360010501,0.43928055949306705
78,lope-viuda-valenciana,ESP,Comedy,1595,15,0.9320457320457324,0.9047619047619048,1.0952380952380951,12.666666666666666,2,14,15,3,12,0,0.0,1,95,3,3,16756,16341,426,0,3161,0.007326007326007325,0.9236928104575164,0.256728136862584,1.0,0.7333333333333333,0.29395604395604397,11.0,0.9047619047619048,1.0,0.3333333333333333,0.06666666666666667,0.6,5.0,0.3333333333333333,0.3333333333333333,0.3333333333333333,0.0,0.33271034452174014
79,maldonado-costante-mujer,ESP,Comedy,1658,8,1.0,1.0,1.0,7.0,1,7,8,4,4,0,0.0,1,28,3,3,11099,10884,274,0,2078,0.0,1.0,0.3535533905932738,1.0,1.0,0.19642857142857142,7.0,1.0,1.0,0.25,0.0,0.75,4.92,0.375,0.25,0.375,0.0,0.0
80,marlowe-dr-faustus,ENG,Tragedy,1588,32,0.876771978021978,0.2681451612903225,1.7903225806451613,8.3125,3,27,32,1,21,10,0.0,1,133,14,0,12343,11937,426,292,774,0.026344086021505377,0.5713458985331504,0.1460503486206951,0.8571428571428571,0.0625,0.878846153846154,4.0,0.30787037037037035,0.8709677419354839,0.1875,0.40625,0.40625,8.42,0.34375,0.3125,0.34375,0.023708329024020425,0.7238739586522471
81,matos-hidalgo-mancha,ESP,Comedy,1673,27,0.8927414885309622,0.7492877492877493,1.2507122507122508,19.48148148148148,2,26,27,6,19,1,0.0,1,263,3,3,16969,16150,973,0,3328,0.01002849002849003,0.8206275720164609,0.188518970886562,1.0,0.5185185185185185,0.5227743271221532,16.0,0.7492877492877492,1.0,0.14814814814814814,0.5185185185185185,0.3333333333333333,4.05,0.3333333333333333,0.3333333333333333,0.3333333333333333,0.015105643167931424,0.3264573013964547
82,matthieu-aman,FRE,0,1589,8,0.7785714285714285,0.5714285714285714,1.4285714285714286,4.0,2,7,8,2,5,1,0.0,1,16,15,5,28727,27471,1221,0,3695,0.07142857142857141,0.7198232323232323,0.3388330379569984,0.6,0.25,0.6952380952380952,3.0,0.5714285714285714,1.0,0.25,0.375,0.375,7.23,0.375,0.25,0.375,0.004489270945981505,0.9537904649737313
83,memmolo-susanna,ITA,Tragedy,1632,13,0.6249084249084249,0.3333333333333333,2.0128205128205128,4.0,4,8,13,2,9,2,0.0,1,26,19,5,18689,17965,49,0,2783,0.09207459207459208,0.5142072184721912,0.24582144311174128,1.0,0.3076923076923077,0.7388888888888889,2.0,0.5,0.6666666666666666,0.3076923076923077,0.3076923076923077,0.38461538461538464,6.57,0.3076923076923077,0.3076923076923077,0.38461538461538464,0.009700942285361757,0.6634606645630501
84,mitternacht-unglueckselige-soldat,GER,Tragedy,1662,59,0.7977251394728936,0.1122150789012273,2.661654135338346,6.508474576271187,5,24,59,4,48,7,0.0,3,192,32,5,26529,22617,761,255,179,0.027192469777600054,0.35839326311376246,0.0816468325960106,1.0,0.1016949152542373,0.8499822757887275,4.0,0.2711864406779661,0.41379310344827586,0.2711864406779661,0.3898305084745763,0.3389830508474576,48.3,0.3389830508474576,0.3220338983050847,0.3389830508474576,0.01870046076618815,0.7474196137671789
85,moliere-sganarelle,FRE,Comedy,1660,9,0.6206349206349207,0.5,1.5277777777777777,4.0,3,7,9,3,6,0,0.0,1,18,24,1,13090,7614,4617,0,714,0.07539682539682538,0.6800483467150134,0.30745812698504593,1.0,0.4444444444444444,0.608695652173913,2.0,0.5714285714285714,0.875,0.3333333333333333,0.3333333333333333,0.3333333333333333,8.09,0.3333333333333333,0.3333333333333333,0.3333333333333333,0.020544871376839382,0.7058974305816029
86,montchretien-carthaginoise,FRE,Tragedy,1601,10,0.738095238095238,0.4666666666666667,1.4166666666666667,4.2,2,7,10,4,5,1,0.0,2,21,6,5,17111,16755,0,0,1827,0.041666666666666664,0.578309591642925,0.2884089971009715,1.0,0.4,0.8342857142857143,4.0,0.6,0.7777777777777778,0.1,0.5,0.4,8.16,0.3,0.3,0.4,0.01208709384582881,0.6727728709925944
87,montenegro-toma-buda,ESP,0,1687,38,0.8123839979204981,0.3172119487908961,1.9943100995732572,11.736842105263158,4,22,38,1,15,22,0.0,1,223,15,1,13298,12504,873,2,2620,0.027619724988146042,0.5161954144239844,0.14094625189474247,1.0,0.3157894736842105,0.9666241496598639,6.0,0.5334928229665071,0.5945945945945946,0.34210526315789475,0.3157894736842105,0.34210526315789475,4.12,0.34210526315789475,0.3157894736842105,0.34210526315789475,0.02060697147407838,0.5982734441630198
88,monteser-caballero-olmedo,ESP,Tragedy,1621,11,1.0,1.0,1.0,10.0,1,10,11,2,7,2,0.0,1,55,3,3,11219,10914,281,0,2031,0.0,1.0,0.30151134457776363,1.0,1.0,0.22727272727272727,8.0,1.0,1.0,0.0,0.45454545454545453,0.5454545454545454,4.01,0.36363636363636365,0.2727272727272727,0.36363636363636365,0.0,0.0
89,moreto-desden-con-desden,ESP,Comedy,1654,11,0.9676767676767678,0.9636363636363636,1.0363636363636364,9.636363636363637,2,10,11,5,6,0,0.0,1,53,3,3,16266,15900,430,0,3135,0.00404040404040404,0.9683195592286501,0.301044653501512,0.6666666666666666,0.8181818181818182,0.2727272727272727,9.0,0.9636363636363636,1.0,0.2727272727272727,0.0,0.7272727272727273,4.97,0.36363636363636365,0.2727272727272727,0.36363636363636365,0.0,0.35355339059327373
90,moreto-lindo-don-diego,ESP,Comedy,1662,8,1.0,1.0,1.0,7.0,1,7,8,4,7,0,0.0,1,28,5,1,6300,6197,223,0,1087,0.0,1.0,0.3535533905932738,0.6,1.0,0.5848214285714286,5.0,1.0,1.0,0.25,0.25,0.5,4.98,0.375,0.25,0.375,0.0,0.0
91,motteux-beauty-in-distress,ENG,0,1698,19,0.9339525283797732,0.8947368421052632,1.105263157894737,16.105263157894736,2,18,22,6,15,1,0.0,1,153,5,5,34013,20676,1384,0,2286,0.006191950464396284,0.915223585278987,0.2276400658458387,1.0,0.8421052631578947,0.4932081807081807,5.0,1.0,1.0,0.25,0.25,0.5,4.98,0.375,0.25,0.375,0.0,0.0
92,murer-absolom,GER,0,1565,83,0.8523458097364638,0.1913017925359976,1.9770790478989129,15.686746987951809,3,62,83,7,72,4,0.0,1,651,21,5,19217,17918,1438,1,2578,0.012062704295048304,0.5146540379152026,0.08929619883644041,1.0,0.2289156626506024,0.9143769753638177,8.0,0.25301204819277107,0.7560975609756098,0.3132530120481928,0.21686746987951808,0.46987951807228917,6.02,0.3373493975903614,0.3253012048192771,0.3373493975903614,0.02001970029753346,0.8873222572741908
93,murer-esther,GER,0,1567,24,0.8420249369939774,0.6268115942028986,1.4057971014492754,14.416666666666666,3,22,24,3,21,0,0.0,1,173,7,6,9295,8436,1200,4,1247,0.01844532279314888,0.7367540296471748,0.1929331901355386,0.8571428571428571,0.125,0.785957317536265,7.0,0.6553030303030303,0.9565217391304348,0.3333333333333333,0.25,0.4166666666666667,6.0,0.3333333333333333,0.3333333333333333,0.3333333333333333,0.02219852176450954,0.548279264387573
94,nabbes-the-unfortunate-mother,ENG,Tragedy,1639,14,0.9798534798534798,0.978021978021978,1.021978021978022,12.714285714285714,2,13,14,3,10,1,0.0,1,89,5,5,15033,14129,277,0,2073,0.0018315018315018315,0.9802721088435374,0.2670473052304614,0.6,0.6428571428571429,0.44047619047619047,9.0,0.978021978021978,1.0,0.35714285714285715,0.2857142857142857,0.35714285714285715,6.0,0.35714285714285715,0.2857142857142857,0.35714285714285715,0.0,0.30151134457776363
95,nolfi-romilda,ITA,Tragedy,1643,15,0.655911495911496,0.3809523809523809,1.6703296703296704,5.333333333333333,3,11,15,2,12,1,0.0,2,40,29,5,15799,15586,77,0,2276,0.04468864468864469,0.5400804482345836,0.2270751446559036,0.9655172413793104,0.2,0.7561224489795918,2.0,0.4848484848484848,0.7857142857142857,0.3333333333333333,0.3333333333333333,0.3333333333333333,7.02,0.3333333333333333,0.3333333333333333,0.3333333333333333,0.009173047017809051,0.7084290185583211
96,norton-sackville-gorboduc,ENG,Tragedy,1562,18,0.7781866281866283,0.326797385620915,1.5360824742268042,5.555555555555555,3,12,18,2,16,0,0.0,2,50,9,5,15802,14366,39,0,1780,0.021241830065359475,0.424884472045373,0.19831613398489198,1.0,0.3333333333333333,0.8848214285714286,2.0,0.4848484848484848,0.7857142857142857,0.3333333333333333,0.3333333333333333,0.3333333333333333,7.02,0.3333333333333333,0.3333333333333333,0.3333333333333333,0.009173047017809051,0.7084290185583211
97,opitz-judith,GER,0,1635,21,0.6947816733531019,0.2238095238095238,2.1809523809523808,4.476190476190476,4,13,21,2,17,2,0.0,1,47,15,3,5262,3938,9,0,621,0.06215538847117794,0.4745395452800116,0.18887440095372357,1.0,0.14285714285714285,0.8100340136054422,3.0,0.3443223443223443,0.65,0.23809523809523808,0.42857142857142855,0.3333333333333333,6.07,0.3333333333333333,0.3333333333333333,0.3333333333333333,0.02234157074357218,0.8757929427989886
98,oransi-rosina,ITA,Comedy,1652,13,0.9445998445998446,0.6538461538461539,1.3461538461538465,7.846153846153846,2,12,13,2,11,0,0.0,1,51,40,3,24975,24738,131,734,0,0.03146853146853147,0.7674325674325675,0.25581168916241137,0.175,0.23076923076923078,0.7237281237281237,3.0,0.6538461538461539,1.0,0.3076923076923077,0.3076923076923077,0.38461538461538464,29.22,0.3076923076923077,0.3076923076923077,0.38461538461538464,0.011981910542576303,0.9892599625979525
99,peele-the-love-of-david-and-fair-bathsheba,ENG,Tragedy,1590,30,0.8117217188269821,0.328735632183908,1.696551724137931,9.533333333333331,3,26,30,5,25,0,0.0,1,143,18,0,15738,15135,523,0,1896,0.024876847290640398,0.6014728461577669,0.16505709868768964,1.0,0.3,0.8477102962397081,5.0,0.36666666666666664,0.896551724137931,0.3,0.3333333333333333,0.36666666666666664,7.98,0.3333333333333333,0.3333333333333333,0.3333333333333333,0.013074804522404268,0.8292399781581979
100,pix-ibrahim-the-thirteenth-emperor-of-the-turks,ENG,0,1696,15,0.8884959484959485,0.7714285714285715,1.2285714285714286,10.8,2,14,15,4,11,0,0.0,1,81,6,5,13804,12475,462,0,1720,0.017582417582417582,0.836489999832307,0.251827005420527,1.0,0.6666666666666666,0.6632467532467532,5.0,0.36666666666666664,0.896551724137931,0.3,0.3333333333333333,0.36666666666666664,7.98,0.3333333333333333,0.3333333333333333,0.3333333333333333,0.013074804522404268,0.8292399781581979
101,porter-the-carnival,ENG,0,1664,22,0.9096015439668692,0.8354978354978355,1.1645021645021645,17.545454545454547,2,21,22,5,17,0,0.0,1,193,7,5,17371,16291,800,357,1822,0.008225108225108227,0.8755293125846486,0.2098640038893791,0.8571428571428571,0.36363636363636365,0.5620584266095102,11.0,0.8354978354978355,1.0,0.2727272727272727,0.3181818181818182,0.4090909090909091,7.01,0.3181818181818182,0.3181818181818182,0.36363636363636365,0.0032618603242538413,0.3729647840815278
102,racine-thebaide-64,FRE,Tragedy,1664,9,0.8441798941798941,0.6944444444444444,1.3055555555555556,5.555555555555555,2,8,9,3,6,0,0.0,1,25,25,5,15842,15289,24,0,1693,0.04365079365079365,0.7869488536155202,0.3217275915696282,0.6,0.2222222222222222,0.5936507936507935,3.0,0.6944444444444444,1.0,0.3333333333333333,0.3333333333333333,0.3333333333333333,8.99,0.3333333333333333,0.3333333333333333,0.3333333333333333,0.0,0.8827796145091925
103,ravenscroft-dame-dobson,ENG,0,1684,19,0.9355779153766768,0.7894736842105263,1.2105263157894737,14.210526315789474,2,18,19,12,7,0,0.0,1,135,29,5,35582,34162,1055,1446,2,0.01238390092879257,0.8498766547097796,0.22133082305630564,1.0,0.8421052631578947,0.637372448979592,4.0,0.7894736842105263,1.0,0.3157894736842105,0.3157894736842105,0.3684210526315789,21.59,0.3157894736842105,0.3157894736842105,0.3684210526315789,0.006914951172014986,0.5193314709516775
104,reuter-der-ehrlichen-frau-schlampampe-krankheit-und-tod,GER,Comedy,1696,16,0.8977564102564102,0.6166666666666667,1.3833333333333333,9.25,2,15,16,5,11,0,0.0,1,74,38,3,14600,14224,543,718,4,0.027380952380952384,0.7376078405290362,0.240462871148689,1.0,0.5,0.7231981981981982,3.0,0.6166666666666667,1.0,0.3125,0.3125,0.375,21.53,0.3125,0.3125,0.375,0.012232850203510028,0.764366706430864
105,riccoboni-tito-manlio,ITA,Tragedy,1707,10,0.6842857142857144,0.5555555555555556,1.511111111111111,5.0,3,8,10,2,7,1,0.0,1,25,45,3,16492,16212,140,508,0,0.06388888888888888,0.6897115384615384,0.2980742160844253,0.9111111111111111,0.3,0.6749999999999999,2.0,0.625,0.8888888888888888,0.3,0.3,0.4,36.21,0.3,0.3,0.4,0.019118947414668165,0.741103093919422
106,rinckart-eislebische-ritter,GER,0,1613,27,0.7357884629552717,0.3361823361823361,1.6837606837606838,8.74074074074074,3,24,27,2,25,0,0.0,1,118,39,5,19350,16246,2996,1,2457,0.02735042735042735,0.6061215694615338,0.17174627738786205,0.9743589743589743,0.18518518518518517,0.8858709273182958,3.0,0.36419753086419754,0.9230769230769231,0.2222222222222222,0.4444444444444444,0.3333333333333333,6.0,0.3333333333333333,0.3333333333333333,0.3333333333333333,0.009715845754958312,0.9145642097067369
107,rist-irenaromachia,GER,Tragicomedy,1630,15,1.0,0.4857142857142857,1.0,6.8,1,8,15,4,11,0,0.0,2,51,3,3,11412,9458,385,158,179,0.0,0.4857142857142857,0.20000156451933612,1.0,0.4,0.7777777777777778,6.0,0.85,0.5714285714285714,0.0,0.4,0.6,24.81,0.3333333333333333,0.3333333333333333,0.3333333333333333,0.0,0.0
108,rist-perseus,GER,Tragedy,1634,16,0.8264312076812077,0.6083333333333333,1.4,9.125,3,14,16,2,14,0,0.0,1,73,24,3,38263,35576,2478,403,99,0.02857142857142857,0.73187293592126,0.24002439765257108,0.9166666666666666,0.25,0.8951455549281637,4.0,0.6517857142857143,0.9333333333333333,0.3125,0.3125,0.375,72.27,0.3125,0.3125,0.375,0.013123590058737748,0.6064872953518077
109,rojas-entre-bobos,ESP,Comedy,1638,16,0.9666666666666668,0.9416666666666668,1.0583333333333331,14.125,2,15,16,4,12,0,0.0,1,113,3,3,16348,15897,544,4,3192,0.0041666666666666675,0.9527698863636364,0.248533559947667,1.0,0.9375,0.4423076923076923,12.0,0.9416666666666667,1.0,0.25,0.25,0.5,5.0,0.3125,0.3125,0.375,0.005489776496483545,0.3535533905932738
110,rojas-lo-que-son-mujeres,ESP,Comedy,1644,12,1.0,1.0,1.0,11.0,1,11,12,5,7,0,0.0,1,66,3,3,16068,15876,195,0,3358,0.0,1.0,0.2886751345948129,1.0,1.0,0.18055555555555555,10.0,1.0,1.0,0.3333333333333333,0.0,0.6666666666666666,4.01,0.3333333333333333,0.3333333333333333,0.3333333333333333,0.0,0.0
111,rollenhagen-reichen-mann,GER,0,1590,61,0.7962320455436047,0.1601092896174863,2.246448087431694,9.60655737704918,4,38,61,7,54,0,0.0,1,293,51,5,26068,23389,635,0,3606,0.021126238770028713,0.4591279316539809,0.09358823787859416,1.0,0.06557377049180328,0.8096414141414142,4.0,0.2528041415012942,0.6333333333333333,0.2786885245901639,0.3770491803278688,0.3442622950819672,6.0,0.32786885245901637,0.32786885245901637,0.3442622950819672,0.019228178580063912,0.8164994358437618
112,romero-aunca-razones-bastan,ESP,0,1701,24,0.9135111604219156,0.8188405797101449,1.181159420289855,18.83333333333333,2,23,24,3,4,17,0.0,1,226,3,3,12536,11906,689,0,2418,0.008234519104084322,0.860990048957003,0.20163195477610188,1.0,0.75,0.5772058823529411,14.0,0.8188405797101449,1.0,0.16666666666666666,0.4583333333333333,0.375,4.98,0.3333333333333333,0.3333333333333333,0.3333333333333333,0.02088703341464316,0.330328024360234
113,rowe-the-fair-penitent,ENG,0,1714,10,0.9186507936507936,0.8888888888888888,1.1111111111111112,8.0,2,9,10,3,7,0,0.0,1,40,6,5,18481,16578,484,4,1925,0.013888888888888888,0.9104545454545455,0.31436566560915086,0.8333333333333334,0.4,0.6178571428571429,14.0,0.8188405797101449,1.0,0.16666666666666666,0.4583333333333333,0.375,4.98,0.3333333333333333,0.3333333333333333,0.3333333333333333,0.02088703341464316,0.330328024360234
114,saint-glas-bouts-rimes,FRE,Comedy,1682,14,0.8492063492063492,0.3186813186813186,1.5,4.142857142857143,2,9,14,2,11,1,0.0,2,29,17,1,8865,8197,179,301,50,0.026556776556776553,0.43992872386537546,0.22266465230699897,1.0,0.2857142857142857,0.63125,3.0,0.46031746031746035,0.6923076923076923,0.35714285714285715,0.2857142857142857,0.35714285714285715,23.71,0.35714285714285715,0.2857142857142857,0.35714285714285715,0.013144625846899339,0.8066567963922299
115,salviati-granchio,ITA,Comedy,1566,9,0.5629629629629629,0.5,1.5555555555555556,4.0,3,6,9,1,8,0,0.0,1,18,29,5,26016,24755,361,926,0,0.07936507936507935,0.6591149591149591,0.31390496777219046,0.6896551724137931,0.3333333333333333,0.6386904761904761,2.0,0.6666666666666666,0.75,0.3333333333333333,0.3333333333333333,0.3333333333333333,26.85,0.3333333333333333,0.3333333333333333,0.3333333333333333,0.006004731707418203,0.6025948617237675
116,scala-il-finto-marito,ITA,Comedy,1618,10,1.0,1.0,1.0,9.0,1,9,12,3,9,0,0.0,1,45,42,5,41214,40588,193,1420,4,0.0,1.0,0.31622776601683794,0.21428571428571427,0.1,0.6642276422764228,3.0,1.0,1.0,0.3,0.3,0.4,28.93,0.3,0.3,0.4,0.0,0.0
117,schlue-isaac,GER,0,1606,25,0.8252927072927073,0.3433333333333333,2.1066666666666665,8.24,4,15,25,3,18,4,0.0,1,103,9,8,13846,11042,2271,0,1577,0.04811594202898551,0.49047539958485253,0.15777482214106286,1.0,0.24,0.9541666666666667,5.0,0.5493333333333333,0.625,0.28,0.36,0.36,7.0,0.32,0.32,0.36,0.013503715361421425,0.865424641314188
118,schoch-comoedia-studenten,GER,Comedy,1657,44,0.7627151105599381,0.1247357293868921,1.9036827195467425,5.363636363636363,3,29,44,6,37,0,0.0,5,118,43,6,33120,28460,4319,666,0,0.016057585825027684,0.4006918137918704,0.11837425853789647,1.0,0.24,0.9541666666666667,3.0,0.18495297805642633,0.6744186046511628,0.22727272727272727,0.20454545454545456,0.5681818181818182,39.58,0.3409090909090909,0.3181818181818182,0.3409090909090909,0.015674280835504775,0.712234822512882
119,shadwell-the-libertine,ENG,0,1676,53,0.8938755153470813,0.4847605224963715,1.5152394775036284,25.20754716981132,2,52,53,22,22,10,0.0,1,668,11,5,28763,25521,1014,1206,455,0.010102734853012323,0.6776515684753754,0.12948024278725198,0.8181818181818182,0.07547169811320754,0.7600494125231756,3.0,0.18495297805642633,0.6744186046511628,0.22727272727272727,0.20454545454545456,0.5681818181818182,39.58,0.3409090909090909,0.3181818181818182,0.3409090909090909,0.015674280835504775,0.712234822512882
120,shirley-the-court-secret,ENG,Tragicomedy,1642,18,0.9238247863247864,0.8888888888888888,1.1111111111111112,15.11111111111111,2,17,18,4,14,0,0.0,1,136,5,5,20110,19231,399,1,2607,0.006944444444444444,0.9115043501008413,0.23411840280957866,1.0,0.7222222222222222,0.3080357142857143,12.0,0.8888888888888888,1.0,0.3333333333333333,0.2777777777777778,0.3888888888888889,6.93,0.3333333333333333,0.3333333333333333,0.3333333333333333,0.01095387630251512,0.3191898602489816
121,shirley-the-example,ENG,Comedy,1634,20,0.9259206840630992,0.8736842105263158,1.1263157894736842,16.6,2,19,20,5,13,1,0.0,1,166,6,5,19600,18811,415,14,2436,0.007017543859649122,0.8999927536231884,0.22123698578123713,0.8333333333333334,0.1,0.5918784139836771,12.0,0.8888888888888888,1.0,0.3333333333333333,0.2777777777777778,0.3888888888888889,6.93,0.3333333333333333,0.3333333333333333,0.3333333333333333,0.01095387630251512,0.3191898602489816
122,shirley-the-martyred-soldier,ENG,Tragedy,1618,28,0.873160099214173,0.6931216931216931,1.306878306878307,18.714285714285715,2,27,28,2,24,3,0.0,1,262,5,5,18578,17265,415,361,1753,0.011803011803011807,0.7896572692180133,0.1838102948648267,0.8,0.4642857142857143,0.4913011695906433,12.0,0.8888888888888888,1.0,0.3333333333333333,0.2777777777777778,0.3888888888888889,6.93,0.3333333333333333,0.3333333333333333,0.3333333333333333,0.01095387630251512,0.3191898602489816
123,stranitzky-tuerckisch-bestraffter-hochmuth,GER,0,1685,26,0.7648780706473013,0.3076923076923077,1.9723076923076923,7.6923076923076925,4,16,26,4,21,1,0.0,1,100,33,3,19125,17945,1972,328,200,0.04051282051282052,0.5254622102649137,0.161560793443013,0.8181818181818182,0.34615384615384615,0.9816468253968255,3.0,0.4807692307692308,0.64,0.3076923076923077,0.34615384615384615,0.34615384615384615,30.61,0.34615384615384615,0.3076923076923077,0.34615384615384615,0.0168042062611722,0.8472581952552538
124,subligny-folle-querelle,FRE,Comedy,1668,9,0.7248677248677248,0.6666666666666666,1.3611111111111112,5.333333333333333,3,7,9,4,5,0,0.0,1,24,32,2,17323,13825,121,606,49,0.051587301587301584,0.7542087542087542,0.32335285874484376,0.375,0.5555555555555556,0.5607526881720432,3.0,0.7619047619047619,0.875,0.3333333333333333,0.3333333333333333,0.3333333333333333,21.31,0.3333333333333333,0.3333333333333333,0.3333333333333333,0.0,0.6562403476413815
125,suenos-hay-que-verdad-son,ESP,0,1670,27,0.9772079772079773,0.886039886039886,1.113960113960114,23.03703703703704,2,26,27,5,22,0,0.0,1,311,6,1,11591,11122,570,0,2290,0.00455840455840456,0.9148838279273062,0.18807146301351854,0.5,0.8148148148148148,0.7688671328671329,13.0,0.886039886039886,1.0,0.3333333333333333,0.3333333333333333,0.3333333333333333,4.19,0.3333333333333333,0.3333333333333333,0.3333333333333333,0.004006687806875404,0.447213595499958
126,taille-corrivaus,FRE,Comedy,1562,15,0.5697354497354498,0.419047619047619,1.6857142857142855,5.866666666666666,3,9,15,4,11,0,0.0,1,44,25,5,14628,13068,105,445,0,0.05274725274725275,0.6050200960125998,0.226501431177983,0.88,0.4666666666666667,0.7125,2.0,0.6518518518518518,0.6428571428571429,0.3333333333333333,0.3333333333333333,0.3333333333333333,33.04,0.3333333333333333,0.3333333333333333,0.3333333333333333,0.011323113858686075,0.6594460939736215
127,tasso-aminta,ITA,0,1573,10,0.5747619047619048,0.3333333333333333,1.4642857142857142,3.0,2,7,10,3,6,1,0.0,3,15,11,5,14066,13965,30,0,2091,0.03611111111111111,0.44013791763791765,0.2679276549228536,1.0,0.2,0.7533333333333332,2.0,0.42857142857142855,0.7777777777777778,0.3,0.2,0.5,6.99,0.3,0.3,0.4,0.011470364167781355,0.9412097036339401
128,tasso-intrichi-d-amore,ITA,Comedy,1598,15,0.8927132127132127,0.8571428571428571,1.1428571428571428,12.0,2,14,15,6,9,0,0.0,1,90,63,5,49229,48964,15,1861,0,0.010989010989010988,0.8848033482398807,0.2562450796815192,0.25396825396825395,0.7333333333333333,0.7391321044546851,3.0,0.8571428571428571,1.0,0.2,0.4,0.4,24.83,0.3333333333333333,0.3333333333333333,0.3333333333333333,0.001472554581043203,0.40849056721545546
129,testi-isola-alcina,ITA,Tragedy,1648,15,0.7835786435786436,0.2857142857142857,1.8021978021978025,4.0,3,11,15,6,9,0,0.0,2,30,18,5,7555,7431,52,0,1262,0.05347985347985348,0.4953635304617652,0.22899835356364726,0.7222222222222222,0.06666666666666667,0.8039215686274509,2.0,0.36363636363636365,0.7857142857142857,0.13333333333333333,0.3333333333333333,0.5333333333333333,6.05,0.3333333333333333,0.3333333333333333,0.3333333333333333,0.010651395041986216,0.9289711664440297
130,tomkis-lingua,ENG,Comedy,1657,21,0.8478655515696646,0.6238095238095238,1.380952380952381,12.476190476190476,3,19,21,0,1,20,0.0,1,131,51,5,29578,27120,1645,801,1158,0.020050125313283207,0.7425233319977192,0.20746098892863574,0.803921568627451,0.09523809523809523,0.649424963924964,3.0,0.656641604010025,0.95,0.3333333333333333,0.3333333333333333,0.3333333333333333,10.9,0.3333333333333333,0.3333333333333333,0.3333333333333333,0.007404741078914177,0.7676959929728938
131,torelli-la-merope,ITA,Tragedy,1589,8,0.9404761904761904,0.9285714285714286,1.0714285714285714,6.5,2,7,8,3,5,0,0.0,1,26,8,1,19171,18597,10,0,2699,0.011904761904761906,0.9409722222222222,0.3522552353359203,0.625,0.5,0.730952380952381,4.0,0.9285714285714286,1.0,0.25,0.375,0.375,7.0,0.375,0.25,0.375,0.0,0.4472135954999579
132,tortoletti-gionata,ITA,Tragedy,1624,15,0.6771476671476672,0.3619047619047619,1.6483516483516485,5.066666666666666,3,11,15,1,12,2,0.0,2,38,16,6,17067,16953,40,0,2524,0.04322344322344322,0.5446605426847779,0.22160897972476254,1.0,0.4666666666666667,0.8272222222222222,3.0,0.4606060606060606,0.7857142857142857,0.3333333333333333,0.3333333333333333,0.3333333333333333,7.0,0.3333333333333333,0.3333333333333333,0.3333333333333333,0.008458422093766235,0.8367928204464999
133,tristan-parasite,FRE,Comedy,1654,10,0.9123015873015874,0.7777777777777778,1.2222222222222223,7.0,2,9,10,5,5,0,0.0,1,35,31,5,18656,16874,23,0,1949,0.027777777777777776,0.8409353146853147,0.30639769017917107,0.6451612903225806,0.6,0.56,3.0,0.7777777777777778,1.0,0.3,0.3,0.4,8.01,0.3,0.3,0.4,0.0038090552769966613,0.6960158334016701
134,turnebe-contents,FRE,Comedy,1584,16,0.6109494671994672,0.4583333333333333,1.5666666666666669,6.875,3,13,16,5,11,0,0.0,1,55,35,1,31423,29883,0,777,0,0.04047619047619048,0.6515248988225276,0.23280315329210263,0.7714285714285715,0.375,0.7523809523809525,3.0,0.5288461538461539,0.8666666666666667,0.25,0.375,0.375,38.73,0.3125,0.3125,0.375,0.005859207412844348,0.7575467253599633
135,urfe-sylvanire,FRE,0,1617,14,0.8199855699855699,0.5604395604395604,1.3461538461538465,7.285714285714286,2,11,14,5,8,1,0.0,2,51,51,5,50687,50352,5,0,9537,0.024725274725274724,0.6549365954020123,0.24223172250753794,0.6078431372549019,0.6428571428571429,0.633,3.0,0.6623376623376623,0.8461538461538461,0.35714285714285715,0.2857142857142857,0.35714285714285715,5.0,0.35714285714285715,0.2857142857142857,0.35714285714285715,0.006528231454162884,0.7676791393281887
136,vega-duquesa-de-rosa,ESP,Comedy,1566,26,0.8883548995761271,0.3107692307692307,1.7138461538461538,7.769230769230769,3,23,26,1,20,5,0.0,1,101,10,1,9107,8551,411,558,50,0.029743589743589743,0.5975115401134263,0.17047781126470563,1.0,0.15384615384615385,0.7770350020350021,5.0,0.3377926421404682,0.92,0.34615384615384615,0.19230769230769232,0.46153846153846156,11.64,0.34615384615384615,0.3076923076923077,0.34615384615384615,0.016508829589538702,0.8500769581656176
137,vega-seraphina,ESP,Tragedy,1566,14,0.8247010925582353,0.5164835164835165,1.4835164835164836,6.714285714285714,2,12,14,3,10,1,0.0,1,47,8,1,8341,7901,148,486,26,0.04029304029304029,0.693603488652933,0.25136222894179583,1.0,0.35714285714285715,0.6719387755102042,5.0,0.5595238095238095,0.9230769230769231,0.35714285714285715,0.2857142857142857,0.35714285714285715,14.7,0.2857142857142857,0.35714285714285715,0.35714285714285715,0.00950248617304693,0.6174565099532202
138,velez-serrana-vera,ESP,Tragedy,1613,39,0.9227249712818476,0.7597840755735492,1.2402159244264508,28.871794871794872,2,38,39,5,30,4,0.0,1,563,3,3,18926,17702,1224,0,3576,0.006492322281795966,0.8272521074887179,0.15531210721252894,1.0,0.48717948717948717,0.6008522727272727,21.0,0.7597840755735493,1.0,0.23076923076923078,0.4358974358974359,0.3333333333333333,4.99,0.3333333333333333,0.3333333333333333,0.3333333333333333,0.006093198774933629,0.30170500119746657
139,viau-pasiphae,FRE,Tragedy,1627,22,0.8862970511366233,0.341991341991342,1.7792207792207793,7.181818181818182,3,17,22,6,15,1,0.0,1,79,5,5,13505,12924,0,0,1476,0.03896103896103895,0.5768523324801497,0.187159498141226,1.0,0.3181818181818182,0.8741883116883118,6.0,0.4224598930481283,0.8095238095238095,0.18181818181818182,0.3181818181818182,0.5,8.05,0.3181818181818182,0.3181818181818182,0.36363636363636365,0.013551628266904876,0.7189594695866391
140,viau-pyrame,FRE,Tragedy,1617,12,0.2916666666666667,0.1666666666666666,2.0,1.8333333333333333,4,4,12,4,8,0,0.0,3,11,12,5,12285,12188,0,0,1261,0.045454545454545456,0.24440360775588046,0.21300360530653817,0.75,0.08333333333333333,0.9287878787878786,2.0,0.4583333333333333,0.36363636363636365,0.0,0.6666666666666666,0.3333333333333333,8.99,0.3333333333333333,0.3333333333333333,0.3333333333333333,0.02048374153957794,0.7683498199278325
141,virey-machabee,FRE,Tragedy,1596,18,1.0,1.0,1.0,17.0,1,17,18,2,16,0,0.0,1,153,1,1,12545,12316,210,0,1438,0.0,1.0,0.2357022603955158,0.75,0.08333333333333333,0.9287878787878786,18.0,1.0,1.0,0.0,0.0,1.0,8.01,0.3333333333333333,0.3333333333333333,0.3333333333333333,0.0,0.0
142,virues-la-gran-semiramis,ESP,Tragedy,1579,15,0.8938542938542938,0.7523809523809524,1.2476190476190476,10.533333333333331,2,14,15,1,13,1,0.0,1,79,3,3,15125,14596,462,0,2341,0.01904761904761905,0.817037037037037,0.2538788611795609,1.0,0.6,0.538961038961039,9.0,0.7523809523809524,1.0,0.3333333333333333,0.0,0.6666666666666666,6.1,0.3333333333333333,0.3333333333333333,0.3333333333333333,0.003844031967224729,0.497732163762065
143,weise-baeurischer-machiavellus,GER,Comedy,1679,48,0.8863744862297831,0.3138297872340425,1.4565217391304348,14.75,3,23,48,6,42,0,0.0,2,354,34,6,26996,26199,833,523,631,0.004856614246068455,0.3540614934953,0.09842300293326442,1.0,0.3333333333333333,0.9159625282619935,5.0,0.6413043478260869,0.48936170212765956,0.2708333333333333,0.3333333333333333,0.3958333333333333,16.61,0.3333333333333333,0.3333333333333333,0.3333333333333333,0.027330590169152815,0.6886726060407447
144,weise-masaniello,GER,Tragedy,1682,75,0.713138768728755,0.1733333333333333,1.9338022341745968,12.826666666666666,3,52,75,11,63,1,0.0,4,481,99,5,40160,38084,1903,1647,68,0.011141552511415525,0.4584347239246533,0.08739998228738326,1.0,0.013333333333333334,0.8164075153871069,4.0,0.24666666666666665,0.7027027027027027,0.3333333333333333,0.32,0.3466666666666667,19.77,0.3333333333333333,0.32,0.3466666666666667,0.023597232905746796,0.8266562341444811
145,weise-ungleich-liebesalliance,GER,Comedy,1708,51,0.7074995742291634,0.2823529411764706,2.069019607843137,14.117647058823527,4,26,51,13,38,0,0.0,1,360,90,5,47637,46801,968,1723,36,0.02181672669067627,0.49687445962082183,0.11305030425181826,0.9333333333333333,0.19607843137254902,0.7499383887024337,3.0,0.5429864253393665,0.52,0.3137254901960784,0.3333333333333333,0.35294117647058826,24.47,0.3333333333333333,0.3137254901960784,0.35294117647058826,0.014099722344333166,0.47467968611382694
146,woodes-the-conflict-of-conscience,ENG,Comedy,1572,18,0.7050468050468051,0.261437908496732,1.7416666666666667,4.444444444444445,3,14,18,0,11,7,0.0,3,40,16,6,21364,19186,60,0,1946,0.03635620915032679,0.4626492921839734,0.20519399166911353,1.0,0.05555555555555555,0.7738095238095238,3.0,0.3174603174603175,0.8235294117647058,0.3333333333333333,0.2777777777777778,0.3888888888888889,9.15,0.3333333333333333,0.3333333333333333,0.3333333333333333,0.027683461721737402,0.9914773351690749
147,zamora-cada-uno,ESP,0,1708,33,0.8256782035666792,0.4678030303030303,1.5738636363636365,14.969696969696969,3,27,33,4,17,12,0.0,1,247,18,3,18240,16983,1406,0,3610,0.01851173020527859,0.6546494814996467,0.161016282504554,1.0,0.3939393939393939,0.7016690009337068,8.0,0.5544332210998877,0.84375,0.18181818181818182,0.48484848484848486,0.3333333333333333,4.07,0.3333333333333333,0.3333333333333333,0.3333333333333333,0.00702213558536289,0.4226127155225816
148,zamora-ser-fino-y-no-parecerlo,ESP,0,1701,35,0.8233148805534755,0.4403361344537815,1.5798319327731092,14.971428571428572,3,30,35,9,9,17,0.0,1,262,19,3,15998,15138,1141,0,3268,0.01757066462948816,0.6475350975218852,0.15625347739447792,0.7368421052631579,0.37142857142857144,0.7978950062283396,7.0,0.4990476190476191,0.8823529411764706,0.2857142857142857,0.37142857142857144,0.34285714285714286,4.0,0.34285714285714286,0.3142857142857143,0.34285714285714286,0.008913655130314758,0.5233280580598824
149,zayas-traicion-amistad,ESP,Comedy,1630,13,0.958041958041958,0.9487179487179488,1.051282051282051,11.384615384615383,2,12,13,5,8,0,0.0,1,74,3,3,15794,15550,269,1,3063,0.004662004662004662,0.956043956043956,0.2767344576970912,1.0,0.8461538461538461,0.25757575757575757,10.0,0.9487179487179488,1.0,0.3076923076923077,0.07692307692307693,0.6153846153846154,4.97,0.3076923076923077,0.3076923076923077,0.38461538461538464,0.0013348065855529995,0.33333333333333337
